{
  "model_name": "ConvNeXt-Tiny",
  "accuracy": 0.9666666666666667,
  "precision_weighted": 0.96875,
  "recall_weighted": 0.9666666666666667,
  "f1_weighted": 0.9666295884315907,
  "per_class": {
    "Normal": {
      "precision": 0.9375,
      "recall": 1.0,
      "f1": 0.967741935483871
    },
    "Hemorrhage": {
      "precision": 1.0,
      "recall": 0.9333333333333333,
      "f1": 0.9655172413793104
    }
  }
}