{
  "train_loss": [
    1.118042997747874,
    0.5630338659389413,
    0.377363687903761,
    0.35554793069688534,
    0.39355863105478905,
    0.33018669614688956,
    0.3685672096640086,
    0.27869698726873604,
    0.3002204071703575,
    0.2567185940716764,
    0.39182086942864836,
    0.336783102948031
  ],
  "train_acc": [
    0.5460863123576708,
    0.7103056534316504,
    0.9013742481399918,
    0.9313169621102826,
    0.9100954563629647,
    0.9420235833182482,
    0.9067333511090379,
    0.9585493114427734,
    0.9557928391874507,
    0.9783953748288075,
    0.8889185660390844,
    0.9483353320486596
  ],
  "val_loss": [
    0.559022944781088,
    0.47989200199804,
    0.3709426080026934,
    0.4166932355973028,
    0.37280380918133643,
    0.4187330142144234,
    0.3285063889718825,
    0.335086896534889,
    0.33560174511324975,
    0.3501263674228422,
    0.5871294294634173,
    0.3688757025426434
  ],
  "val_acc": [
    0.6774193548387096,
    0.8709677419354839,
    0.9032258064516129,
    0.8709677419354839,
    0.8709677419354839,
    0.8709677419354839,
    0.9032258064516129,
    0.9354838709677419,
    0.9354838709677419,
    0.9354838709677419,
    0.6774193548387096,
    0.8709677419354839
  ],
  "lr": [
    2e-05,
    1.9535036904803962e-05,
    1.8185661446562e-05,
    1.6083959896778496e-05,
    1.3435661446562001e-05,
    1.0500000000000001e-05,
    7.564338553438e-06,
    4.916040103221506e-06,
    2.8143385534380006e-06,
    1.4649630951960416e-06,
    2e-05,
    1.988303923565381e-05
  ]
}