{
  "train_loss": [
    4.182016224312267,
    3.064830553188598,
    3.1760650024139623,
    2.974820414893061,
    2.2039600269828767,
    2.191422117699822,
    2.344324682685111,
    2.1113088594066154,
    1.7481762007843675,
    2.249985969323906,
    2.2558505500820902,
    1.9824386826522058,
    1.4894051723343005,
    1.6162897974467105,
    1.2119995278420208,
    1.2843770869344258,
    1.1268502482407385,
    1.1102324166743875,
    1.1899813525110698,
    0.9860331531908872,
    0.9788750495842035,
    0.9958577319014844,
    0.9452752788289845,
    0.8029708750813985,
    0.7939446718572712,
    0.8002561618098252,
    0.9063577154557482,
    0.9801442357275983,
    0.7812852968843721,
    0.9601875719406622,
    0.8850800448613201,
    0.8412434119972394
  ],
  "train_acc": [
    0.5429276230674467,
    0.5673183206550625,
    0.5794458062196939,
    0.5748705177137753,
    0.6517852151737716,
    0.6488096494303999,
    0.5713627458318412,
    0.5595234046616266,
    0.6390533471523436,
    0.5641986181622083,
    0.5600253765780866,
    0.5721878565705741,
    0.6395142321143231,
    0.608387298425577,
    0.6075745388188734,
    0.6722429146506352,
    0.6449272943731841,
    0.6434021367651868,
    0.5900434337737507,
    0.6574198128891278,
    0.6671318799228999,
    0.6100800277765278,
    0.6178935515634126,
    0.6352466698722589,
    0.7043602897745509,
    0.6808763677405186,
    0.6234603919271322,
    0.5997245703175065,
    0.6319760068780401,
    0.5851224713735771,
    0.6693197003750777,
    0.6811248492862721
  ],
  "val_loss": [
    2.8231134876128166,
    1.5457229306620937,
    0.7330779587068865,
    0.7981785122425326,
    1.4764938777492893,
    0.7852518856525421,
    0.7244016662720711,
    0.6321810955001462,
    0.760151062280901,
    0.802471482465344,
    0.6699485567308241,
    0.7320040060627845,
    0.6342214249795483,
    0.5065974881572108,
    0.5002447328259868,
    1.0545732263595826,
    0.43807603563031844,
    0.39495023219816144,
    0.3829562971668859,
    0.6156296922314551,
    0.40792536350988573,
    0.43644667633118167,
    0.3817511220132151,
    0.3361577420465408,
    0.36216254772678497,
    0.41670001129950246,
    0.4158022913240617,
    0.49037230783893215,
    0.4486601525737393,
    0.44364887187557833,
    0.41518479874057157,
    0.37933845866111016
  ],
  "val_acc": [
    0.5161290322580645,
    0.6451612903225806,
    0.7741935483870968,
    0.8387096774193549,
    0.5483870967741935,
    0.6451612903225806,
    0.7419354838709677,
    0.8387096774193549,
    0.8387096774193549,
    0.7741935483870968,
    0.7419354838709677,
    0.7419354838709677,
    0.7419354838709677,
    0.7741935483870968,
    0.8387096774193549,
    0.6451612903225806,
    0.8064516129032258,
    0.8064516129032258,
    0.8064516129032258,
    0.7419354838709677,
    0.8709677419354839,
    0.8709677419354839,
    0.8709677419354839,
    0.8709677419354839,
    0.9032258064516129,
    0.8387096774193549,
    0.8064516129032258,
    0.7741935483870968,
    0.8064516129032258,
    0.8709677419354839,
    0.9032258064516129,
    0.8387096774193549
  ],
  "lr": [
    0.0001,
    9.757729755661011e-05,
    9.05463412215599e-05,
    7.959536998847742e-05,
    6.57963412215599e-05,
    5.05e-05,
    3.5203658778440106e-05,
    2.1404630011522586e-05,
    1.0453658778440109e-05,
    3.4227024433899e-06,
    0.0001,
    9.939057285945933e-05,
    9.757729755661011e-05,
    9.460482294732421e-05,
    9.05463412215599e-05,
    8.55017856687341e-05,
    7.959536998847742e-05,
    7.297252973710757e-05,
    6.57963412215599e-05,
    5.8243506019491436e-05,
    5.05e-05,
    4.2756493980508586e-05,
    3.5203658778440106e-05,
    2.8027470262892437e-05,
    2.1404630011522586e-05,
    1.54982143312659e-05,
    1.0453658778440109e-05,
    6.395177052675795e-06,
    3.4227024433899e-06,
    1.6094271405406859e-06,
    0.0001,
    9.984740801978984e-05
  ]
}