{
  "model_name": "Custom CNN",
  "accuracy": 0.8666666666666667,
  "precision_weighted": 0.8666666666666667,
  "recall_weighted": 0.8666666666666667,
  "f1_weighted": 0.8666666666666667,
  "per_class": {
    "Normal": {
      "precision": 0.8666666666666667,
      "recall": 0.8666666666666667,
      "f1": 0.8666666666666667
    },
    "Hemorrhage": {
      "precision": 0.8666666666666667,
      "recall": 0.8666666666666667,
      "f1": 0.8666666666666667
    }
  }
}