{
  "mean": [
    0.40522670455321774,
    0.4082210210972802,
    0.41129408879108426
  ],
  "std": [
    0.30841348821993825,
    0.3090176981052592,
    0.30934611454403527
  ]
}